{"cameraMode":{"drawMode":0,"name":"Shaded","section":"Shading Mode"},"sceneLighting":true,"audioPlay":false,"sceneViewState":{"showFog":true,"showMaterialUpdate":true,"showSkybox":true,"showFlares":true,"showImageEffects":true,"showParticleSystems":true},"in2DMode":false,"pivot":{"x":-3.922323226928711,"y":0.5687904357910156,"z":-13.17978572845459},"rotation":{"x":-0.10731079429388046,"y":-0.8524436950683594,"z":0.19134141504764558,"w":-0.47517475485801699},"size":17.59160614013672,"orthographic":false}