{"cameraMode":{"drawMode":0,"name":"Shaded","section":"Shading Mode"},"sceneLighting":true,"audioPlay":false,"sceneViewState":{"showFog":true,"showMaterialUpdate":true,"showSkybox":true,"showFlares":true,"showImageEffects":true,"showParticleSystems":true},"in2DMode":false,"pivot":{"x":5.179938793182373,"y":0.2715594172477722,"z":-11.334501266479493},"rotation":{"x":-0.07706733047962189,"y":-0.7420837879180908,"z":0.08732158690690994,"w":-0.6603742837905884},"size":6.531354904174805,"orthographic":false}