{"cameraMode":{"drawMode":0,"name":"Shaded","section":"Shading Mode"},"sceneLighting":false,"audioPlay":false,"sceneViewState":{"showFog":true,"showMaterialUpdate":true,"showSkybox":false,"showFlares":true,"showImageEffects":true,"showParticleSystems":true},"in2DMode":false,"pivot":{"x":0.0,"y":2.5209929943084719,"z":-0.6234052181243897},"rotation":{"x":-0.059639185667037967,"y":-0.7613444924354553,"z":0.06965933740139008,"w":-0.6422913074493408},"size":2.804896593093872,"orthographic":false}