{"cameraMode":{"drawMode":0,"name":"Shaded","section":"Shading Mode"},"sceneLighting":true,"audioPlay":false,"sceneViewState":{"showFog":true,"showMaterialUpdate":true,"showSkybox":true,"showFlares":true,"showImageEffects":true,"showParticleSystems":true},"in2DMode":false,"pivot":{"x":1.377373218536377,"y":2.9432554244995119,"z":-13.759353637695313},"rotation":{"x":0.09770655632019043,"y":0.7855879664421082,"z":-0.12924149632453919,"w":0.5984698534011841},"size":12.268101692199707,"orthographic":false}