{"cameraMode":{"drawMode":0,"name":"Shaded","section":"Shading Mode"},"sceneLighting":true,"audioPlay":false,"sceneViewState":{"showFog":true,"showMaterialUpdate":true,"showSkybox":true,"showFlares":true,"showImageEffects":true,"showParticleSystems":true},"in2DMode":false,"pivot":{"x":10.056982040405274,"y":-0.07241418957710266,"z":1.434018611907959},"rotation":{"x":0.06413425505161286,"y":0.7004774212837219,"z":-0.06341719627380371,"w":0.7080651521682739},"size":11.596672058105469,"orthographic":false}