{"cameraMode":{"drawMode":0,"name":"Shaded","section":"Shading Mode"},"sceneLighting":true,"audioPlay":false,"sceneViewState":{"showFog":true,"showMaterialUpdate":true,"showSkybox":true,"showFlares":true,"showImageEffects":true,"showParticleSystems":true},"in2DMode":false,"pivot":{"x":7.137823581695557,"y":0.17162977159023286,"z":-1.1756840944290162},"rotation":{"x":-0.03497365117073059,"y":-0.750015377998352,"z":0.040741853415966037,"w":-0.659429132938385},"size":8.477128982543946,"orthographic":false}