{"cameraMode":{"drawMode":0,"name":"Shaded","section":"Shading Mode"},"sceneLighting":true,"audioPlay":false,"sceneViewState":{"showFog":true,"showMaterialUpdate":true,"showSkybox":true,"showFlares":true,"showImageEffects":true,"showParticleSystems":true},"in2DMode":false,"pivot":{"x":2.14735746383667,"y":0.7343782186508179,"z":0.17644548416137696},"rotation":{"x":0.04531712457537651,"y":0.6931340098381043,"z":-0.04372217133641243,"w":0.7181145548820496},"size":4.725478172302246,"orthographic":false}