{"cameraMode":{"drawMode":0,"name":"Shaded","section":"Shading Mode"},"sceneLighting":true,"audioPlay":false,"sceneViewState":{"showFog":true,"showMaterialUpdate":true,"showSkybox":true,"showFlares":true,"showImageEffects":true,"showParticleSystems":true},"in2DMode":false,"pivot":{"x":-11.095632553100586,"y":7.135692596435547,"z":-21.206052780151368},"rotation":{"x":-0.06143645569682121,"y":-0.8724150061607361,"z":0.11373437941074372,"w":-0.4718500077724457},"size":10.56091022491455,"orthographic":false}