{"cameraMode":{"drawMode":0,"name":"Shaded","section":"Shading Mode"},"sceneLighting":true,"audioPlay":false,"sceneViewState":{"showFog":true,"showMaterialUpdate":true,"showSkybox":true,"showFlares":true,"showImageEffects":true,"showParticleSystems":true},"in2DMode":false,"pivot":{"x":1.2918416261672974,"y":2.8052845001220705,"z":-11.173666000366211},"rotation":{"x":-0.0579981729388237,"y":-0.6987737417221069,"z":0.052660681307315829,"w":-0.7119399905204773},"size":12.12550163269043,"orthographic":false}