{"cameraMode":{"drawMode":0,"name":"Shaded","section":"Shading Mode"},"sceneLighting":true,"audioPlay":false,"sceneViewState":{"showFog":true,"showMaterialUpdate":true,"showSkybox":true,"showFlares":true,"showImageEffects":true,"showParticleSystems":true},"in2DMode":false,"pivot":{"x":3.208075761795044,"y":1.9819105863571168,"z":-11.768671989440918},"rotation":{"x":-0.059872113168239596,"y":-0.7585729956626892,"z":0.06756472587585449,"w":-0.6465763449668884},"size":9.83163833618164,"orthographic":false}