{"cameraMode":{"drawMode":0,"name":"Shaded","section":"Shading Mode"},"sceneLighting":true,"audioPlay":false,"sceneViewState":{"showFog":true,"showMaterialUpdate":true,"showSkybox":true,"showFlares":true,"showImageEffects":true,"showParticleSystems":true},"in2DMode":false,"pivot":{"x":-3.8459858894348146,"y":2.8011417388916017,"z":0.12324218451976776},"rotation":{"x":0.08458684384822846,"y":0.781258225440979,"z":-0.1085052490234375,"w":0.6089587211608887},"size":5.042392730712891,"orthographic":false}