{"cameraMode":{"drawMode":0,"name":"Shaded","section":"Shading Mode"},"sceneLighting":true,"audioPlay":false,"sceneViewState":{"showFog":true,"showMaterialUpdate":true,"showSkybox":true,"showFlares":true,"showImageEffects":true,"showParticleSystems":true},"in2DMode":false,"pivot":{"x":-1.492060899734497,"y":2.446906089782715,"z":-10.587411880493164},"rotation":{"x":-0.0931917279958725,"y":-0.7175960540771484,"z":0.0923445001244545,"w":-0.6853043437004089},"size":10.326656341552735,"orthographic":false}