{"cameraMode":{"drawMode":0,"name":"Shaded","section":"Shading Mode"},"sceneLighting":true,"audioPlay":false,"sceneViewState":{"showFog":true,"showMaterialUpdate":true,"showSkybox":true,"showFlares":true,"showImageEffects":true,"showParticleSystems":true},"in2DMode":false,"pivot":{"x":-4.1564106941223148,"y":2.9034910202026369,"z":-11.162120819091797},"rotation":{"x":-0.09076816588640213,"y":-0.6090407371520996,"z":0.06724242866039276,"w":-0.7858176827430725},"size":10.650737762451172,"orthographic":false}