{"cameraMode":{"drawMode":0,"name":"Shaded","section":"Shading Mode"},"sceneLighting":true,"audioPlay":false,"sceneViewState":{"showFog":true,"showMaterialUpdate":true,"showSkybox":true,"showFlares":true,"showImageEffects":true,"showParticleSystems":true},"in2DMode":false,"pivot":{"x":-5.523268699645996,"y":2.5599582195281984,"z":-9.806562423706055},"rotation":{"x":0.12238096445798874,"y":0.7369931936264038,"z":-0.13531199097633363,"w":0.6521061062812805},"size":6.3668532371521,"orthographic":false}