{"cameraMode":{"drawMode":0,"name":"Shaded","section":"Shading Mode"},"sceneLighting":true,"audioPlay":false,"sceneViewState":{"showFog":true,"showMaterialUpdate":true,"showSkybox":true,"showFlares":true,"showImageEffects":true,"showParticleSystems":true},"in2DMode":false,"pivot":{"x":4.201032638549805,"y":2.0013670921325685,"z":0.7686417102813721},"rotation":{"x":0.04915229603648186,"y":0.7173539400100708,"z":-0.05089633911848068,"w":0.6932187080383301},"size":10.06818675994873,"orthographic":false}