{"cameraMode":{"drawMode":0,"name":"Shaded","section":"Shading Mode"},"sceneLighting":true,"audioPlay":false,"sceneViewState":{"showFog":true,"showMaterialUpdate":true,"showSkybox":true,"showFlares":true,"showImageEffects":true,"showParticleSystems":true},"in2DMode":false,"pivot":{"x":5.975040435791016,"y":4.393968105316162,"z":-9.462156295776368},"rotation":{"x":0.0001765229826560244,"y":-0.6431123614311218,"z":-0.0035107946023344995,"w":-0.7665490508079529},"size":10.58089542388916,"orthographic":false}