{"cameraMode":{"drawMode":0,"name":"Shaded","section":"Shading Mode"},"sceneLighting":true,"audioPlay":false,"sceneViewState":{"showFog":true,"showMaterialUpdate":true,"showSkybox":true,"showFlares":true,"showImageEffects":true,"showParticleSystems":true},"in2DMode":false,"pivot":{"x":-4.909571647644043,"y":2.9659321308135988,"z":-18.33237648010254},"rotation":{"x":0.04208485409617424,"y":0.7737152576446533,"z":-0.04504904896020889,"w":0.6316419839859009},"size":3.0777249336242677,"orthographic":false}