{"cameraMode":{"drawMode":0,"name":"Shaded","section":"Shading Mode"},"sceneLighting":true,"audioPlay":false,"sceneViewState":{"showFog":true,"showMaterialUpdate":true,"showSkybox":true,"showFlares":true,"showImageEffects":true,"showParticleSystems":true},"in2DMode":false,"pivot":{"x":2.0502607822418215,"y":2.5004258155822756,"z":-12.340980529785157},"rotation":{"x":0.06452591717243195,"y":0.8082792162895203,"z":-0.08791206032037735,"w":0.5793949365615845},"size":16.541780471801759,"orthographic":false}