{"cameraMode":{"drawMode":0,"name":"Shaded","section":"Shading Mode"},"sceneLighting":true,"audioPlay":false,"sceneViewState":{"showFog":true,"showMaterialUpdate":true,"showSkybox":true,"showFlares":true,"showImageEffects":true,"showParticleSystems":true},"in2DMode":false,"pivot":{"x":-55.864654541015628,"y":3.750920534133911,"z":-0.48051828145980837},"rotation":{"x":0.12621112167835236,"y":-0.32593095302581789,"z":0.0433628186583519,"w":0.9363033771514893},"size":37.45270919799805,"orthographic":false}