{"cameraMode":{"drawMode":0,"name":"Shaded","section":"Shading Mode"},"sceneLighting":true,"audioPlay":false,"sceneViewState":{"showFog":true,"showMaterialUpdate":true,"showSkybox":true,"showFlares":true,"showImageEffects":true,"showParticleSystems":true},"in2DMode":false,"pivot":{"x":-44.21192169189453,"y":1.9819107055664063,"z":-4.968671798706055},"rotation":{"x":0.03558892384171486,"y":-0.6283196806907654,"z":0.02803930453956127,"w":0.7770869135856628},"size":16.84522819519043,"orthographic":false}