{"cameraMode":{"drawMode":0,"name":"Shaded","section":"Shading Mode"},"sceneLighting":true,"audioPlay":false,"sceneViewState":{"showFog":true,"showMaterialUpdate":true,"showSkybox":true,"showFlares":true,"showImageEffects":true,"showParticleSystems":true},"in2DMode":false,"pivot":{"x":3.0092029571533205,"y":2.4844350814819338,"z":-10.656116485595704},"rotation":{"x":0.07771273702383042,"y":0.6948140263557434,"z":-0.07557270675897598,"w":0.711154043674469},"size":12.000728607177735,"orthographic":false}