{"cameraMode":{"drawMode":0,"name":"Shaded","section":"Shading Mode"},"sceneLighting":true,"audioPlay":false,"sceneViewState":{"showFog":true,"showMaterialUpdate":true,"showSkybox":true,"showFlares":true,"showImageEffects":true,"showParticleSystems":true},"in2DMode":false,"pivot":{"x":0.21511811017990113,"y":1.9848926067352296,"z":-11.877881050109864},"rotation":{"x":-0.10631363838911057,"y":-0.7540733814239502,"z":0.1256532073020935,"w":-0.6362639665603638},"size":8.352540969848633,"orthographic":false}