{"cameraMode":{"drawMode":2,"name":"Shaded Wireframe","section":"Shading Mode"},"sceneLighting":true,"audioPlay":false,"sceneViewState":{"showFog":true,"showMaterialUpdate":true,"showSkybox":true,"showFlares":true,"showImageEffects":true,"showParticleSystems":true},"in2DMode":false,"pivot":{"x":21.03000831604004,"y":7.537652015686035,"z":-3.173433303833008},"rotation":{"x":-0.33821532130241396,"y":-0.646221935749054,"z":0.3860577642917633,"w":-0.5652782320976257},"size":1.7475714683532715,"orthographic":false}