{"cameraMode":{"drawMode":0,"name":"Shaded","section":"Shading Mode"},"sceneLighting":true,"audioPlay":false,"sceneViewState":{"showFog":true,"showMaterialUpdate":true,"showSkybox":true,"showFlares":true,"showImageEffects":true,"showParticleSystems":true},"in2DMode":false,"pivot":{"x":-1.5347800254821778,"y":-0.33546018600463869,"z":-10.898153305053711},"rotation":{"x":0.13463427126407624,"y":0.7276870012283325,"z":-0.14941295981407166,"w":0.6558080315589905},"size":9.285935401916504,"orthographic":false}