{"cameraMode":{"drawMode":0,"name":"Shaded","section":"Shading Mode"},"sceneLighting":true,"audioPlay":false,"sceneViewState":{"showFog":true,"showMaterialUpdate":true,"showSkybox":true,"showFlares":true,"showImageEffects":true,"showParticleSystems":true},"in2DMode":false,"pivot":{"x":-3.587009906768799,"y":1.2209064960479737,"z":-11.422735214233399},"rotation":{"x":0.11331366747617722,"y":0.8097333908081055,"z":-0.16238659620285035,"w":0.5533679127693176},"size":5.41212272644043,"orthographic":false}