{"cameraMode":{"drawMode":0,"name":"Shaded","section":"Shading Mode"},"sceneLighting":true,"audioPlay":false,"sceneViewState":{"showFog":true,"showMaterialUpdate":true,"showSkybox":true,"showFlares":true,"showImageEffects":true,"showParticleSystems":true},"in2DMode":false,"pivot":{"x":-6.555519104003906,"y":3.0164737701416017,"z":-7.718792915344238},"rotation":{"x":-0.11879629641771317,"y":-0.5927020907402039,"z":0.08875437080860138,"w":-0.791981041431427},"size":9.684033393859864,"orthographic":false}