{"cameraMode":{"drawMode":0,"name":"Shaded","section":"Shading Mode"},"sceneLighting":true,"audioPlay":false,"sceneViewState":{"showFog":true,"showMaterialUpdate":true,"showSkybox":true,"showFlares":true,"showImageEffects":true,"showParticleSystems":true},"in2DMode":false,"pivot":{"x":0.9016544222831726,"y":0.48935192823410036,"z":-0.11035984754562378},"rotation":{"x":0.07796123623847962,"y":0.7061302661895752,"z":-0.07870820164680481,"w":0.6993863582611084},"size":3.821645498275757,"orthographic":false}